{"Expt_2":{"AC":80.35506173172331,"AA":61.980075374261645,"BC":57.6001277066882,"BA":77.26561159681022},"Expt_1":{"9sec":20.61068702290077,"3sec":35.06493506493382,"7sec":23.893805309734514,"5sec":28.421052631578934},"Exp_3":{"thLo9":34.35114503816793,"thHi9":48.09160305343513,"thHi3":81.8181818181726,"thLo3":58.44155844155342}}