{"Expt_2":{"AC":80.35506173172331,"AA":61.980075374261645,"BC":57.6001277066882,"BA":77.26561159681022},"Expt_1":{"9sec":20.61068702290078,"3sec":35.06493506493383,"7sec":23.8938053097345,"5sec":28.421052631578952},"Exp_3":{"thLo9":34.351145038167935,"thHi9":48.09160305343517,"thHi3":81.81818181817259,"thLo3":58.44155844155342}}