{"Expt_2":{"AC":75.43834506664378,"AA":60.22976683342877,"BC":59.876737233519286,"BA":75.1742888021272},"Expt_1":{"9sec":19.459623392515955,"3sec":38.522111613756074,"7sec":23.303499618198106,"5sec":29.039745678062282},"Exp_3":{"thLo9":33.827762397027755,"thHi9":41.05485464944208,"thHi3":81.27185512236497,"thLo3":66.96516229615693}}