{"Expt_2":{"AC":71.58222492014521,"AA":56.93867982764216,"BC":51.45092822120682,"BA":66.88216990972114},"Expt_1":{"9sec":23.818533732175684,"3sec":33.03861130574141,"7sec":26.26146026880903,"5sec":29.26277001381263},"Exp_3":{"thLo9":45.40140223197988,"thHi9":54.963104084006204,"thHi3":76.23914437376796,"thLo3":62.97613857956457}}