{"Expt_2":{"AC":74.43928995169762,"AA":59.89708176887672,"BC":59.89708176887595,"BA":74.43928995169719},"Expt_1":{"9sec":19.15878648297442,"3sec":38.8760964103531,"7sec":23.056794052719717,"5sec":28.946110598263214},"Exp_3":{"thLo9":33.064284875497115,"thHi9":40.13483680909225,"thHi3":81.4396979991716,"thLo3":67.09247100287155}}