{"Expt_2":{"AC":79.2153295117923,"AA":59.970737608488946,"BC":59.97019411150072,"BA":79.21483816900326},"Expt_1":{"9sec":20.61068702290077,"3sec":35.06493506493382,"7sec":23.893805309734514,"5sec":28.42105263157894},"Exp_3":{"thLo9":34.35114503816793,"thHi9":48.09160305343513,"thHi3":81.8181818181726,"thLo3":58.44155844155342}}