{"Expt_2":{"AC":75.3284808621536,"AA":60.06469732413178,"BC":60.064024823529714,"BA":75.3280524180527},"Expt_1":{"9sec":19.45962339251597,"3sec":38.5221116137561,"7sec":23.303499618198135,"5sec":29.03974567806229},"Exp_3":{"thLo9":33.82776239702779,"thHi9":41.05485464944213,"thHi3":81.27185512236501,"thLo3":66.96516229615706}}