{"Expt_2":{"AC":75.43834506664378,"AA":60.22976683342877,"BC":59.876737233519286,"BA":75.1742888021272},"Expt_1":{"9sec":19.45962339251597,"3sec":38.522111613756095,"7sec":23.30349961819813,"5sec":29.039745678062282},"Exp_3":{"thLo9":33.82776239702778,"thHi9":41.05485464944212,"thHi3":81.271855122365,"thLo3":66.96516229615703}}