{"Expt_2":{"AC":74.14325974741001,"AA":59.43855036582042,"BC":59.43855036582022,"BA":74.14325974740976},"Expt_1":{"9sec":18.902703867580037,"3sec":39.193291107449795,"7sec":23.452124415297643,"5sec":28.360498223833712},"Exp_3":{"thLo9":34.98240771766373,"thHi9":37.10782435026689,"thHi3":73.54994875749031,"thLo3":60.17292936884486}}