{"Expt_2":{"AC":74.02227816010769,"AA":55.37254404274854,"BC":63.0262000875718,"BA":75.17299590810393},"Expt_1":{"9sec":20.48883441446697,"3sec":40.260165408711465,"7sec":22.40325830547359,"5sec":26.507659594493653},"Exp_3":{"thLo9":37.730758320052715,"thHi9":39.919555782688725,"thHi3":73.2097162218037,"thLo3":59.60963639423925}}